uL_virus,wildtype,K378N,V382Y,F392A,K417E,N487R,E484V,F490K,F490L,replicate
0.260416667,117430,47726,20500,18593,28216,32625,3259,86374,76036,1
1.041666667,326828,142387,52997,39191,76703,88750,7594,256959,192061,1
4.166666667,1325710,578938,216663,134966,279349,305114,30560,1063797,730738,1
16.66666667,5971470,2810530,943231,699688,1346925,1650153,111714,5405983,3187872,1
16.66666667,5966568,2654423,977592,736849,NA,NA,117255,5694117,3273404,2
4.166666667,1367673,661563,257456,155155,NA,NA,38692,1174667,864787,2
1.041666667,340210,179634,63723,49861,NA,NA,7206,290382,208387,2
0.260416667,121727,62521,25703,20722,NA,NA,2934,111474,82187,2